Table_Name,Column_Name,Range_Min,Range_Max,Result Set Returned,Execution_Time
order_table,O_ORDERDATE,1995-7-20,1997-7-16,1819809,57.180330753326416
order_table,O_ORDERDATE,1992-8-1,1994-4-4,1522597,47.549760818481445
order_table,O_ORDERDATE,1996-5-12,1997-1-20,636049,34.72512245178223
order_table,O_ORDERDATE,1996-5-5,1998-1-8,1534399,53.116650342941284
order_table,O_ORDERDATE,1994-6-8,1997-1-23,2401486,75.29690670967102
