Table_Name,Column_Name,Range_Min,Range_Max,Execution_Time
lineitem_table,L_ORDERKEY,2405450,4572042,33.94855546951294
lineitem_table,L_ORDERKEY,839243,3456233,43.191262006759644
lineitem_table,L_ORDERKEY,134755,4078175,65.19166016578674
lineitem_table,L_ORDERKEY,2731976,3669012,15.787957668304443
lineitem_table,L_ORDERKEY,1438457,3453298,30.420576572418213
