Table_Name,Column_Name,Range_Min,Range_Max,Execution_Time
lineitem_table,L_ORDERKEY,2405450,4572042,54.36386060714722
lineitem_table,L_ORDERKEY,839243,3456233,67.97902989387512
lineitem_table,L_ORDERKEY,134755,4078175,265.3259789943695
lineitem_table,L_ORDERKEY,2731976,3669012,60.80110430717468
lineitem_table,L_ORDERKEY,1438457,3453298,48.509217977523804
