Table_Name,Column_Name,Range_Min,Range_Max,Result Set Returned,Execution_Time
order_table,O_ORDERDATE,1994-3-23,1996-2-8,1717400,49.26882457733154
order_table,O_ORDERDATE,1995-5-1,1997-5-14,1862027,53.52745962142944
order_table,O_ORDERDATE,1992-1-17,1993-2-1,947277,33.14008283615112
order_table,O_ORDERDATE,1992-11-20,1995-3-26,2137468,59.6919219493866
order_table,O_ORDERDATE,1993-3-13,1994-1-24,792666,28.976459503173828
